claim_id	section	claim_kind	risk_level	claim_text	evidence_summary	evidence_urls	source_urls	source_domains	evidence_count	primary_source_count	source_role	confidence	status	required_fix	required_evidence_count	required_primary_count	gap_note	exact_date	jurisdiction	regulated_subject	scope	effective_date	transition_period	tone_guidance	tone_reason	caveat
claim-001	## 1. まず押さえる結論	scope	medium	めっきは、狭義には電気的または化学的反応で基材表面に金属皮膜を形成する湿式表面処理であり、金属だけでなく一部の非金属基材にも適用されます。一方で、実務や営業表現では蒸着やスパッタ等の乾式法まで「広義のめっき」と呼ぶ例もあるため、レポートでは狭義の湿式めっきを主対象とし、乾式法は隣接概念として扱うのが安全です。表面技術協会 富士電機 アルバックテクノ	inline citation context	https://mekki.sfj.or.jp/ | https://fujielectric.co.jp/products/plating/about | https://ulvac-techno.co.jp/service/surface_treatment/faq/001.html	https://mekki.sfj.or.jp/ | https://fujielectric.co.jp/products/plating/about | https://ulvac-techno.co.jp/service/surface_treatment/faq/001.html	mekki.sfj.or.jp | fujielectric.co.jp | ulvac-techno.co.jp	3	1	professional_body | vendor_first_party	0.80	out_of_scope		0	0								standard	official, legal, standards, academic, or public-context support is present	vendor evidence should be checked against the actual process, substrate, and acceptance test
claim-002	## 1. まず押さえる結論	fact	high	公開資料の範囲では、実務上の中心は外観処理だけではなく、防食、耐摩耗、導電、接触信頼性、はんだ付け性、拡散バリアといった機能付与です。需要先も自動車部品、機械部品、電気・電子部品、プリント基板、半導体周辺、建材、装飾部材まで広く、用途ごとに選ばれる方式と評価指標が大きく変わります。機材工 JCU 大阪府立産業技術総合研究所	inline citation context	https://kizaikou.or.jp/basic.html | https://jcu-i.com/wp/wp-content/uploads/2022/10/irks1_20220511.pdf | https://www2.orist.jp/dl/izumi/archive/Gijutsu_shiryo/Corr.pdf	https://kizaikou.or.jp/basic.html | https://jcu-i.com/wp/wp-content/uploads/2022/10/irks1_20220511.pdf | https://www2.orist.jp/dl/izumi/archive/Gijutsu_shiryo/Corr.pdf	kizaikou.or.jp | jcu-i.com | www2.orist.jp	3	1	industry_association | vendor_first_party | government_context	0.95	ok		2	1								standard	official, legal, standards, academic, or public-context support is present	industry association evidence is best used for sector context, not plant-specific guarantees; vendor evidence should be checked against the actual process, substrate, and acceptance test
claim-003	## 1. まず押さえる結論	temporal	high	選定で本当に効くのは、「何をめっきするか」だけではなく、「何の機能を出したいか」「形状的に均一膜厚が要るか」「どの規制がかかるか」「不良がどの段階で顕在化するか」の4点です。とくに 2024年4月1日施行の日本の六価クロム排水基準見直し、米国のクロムめっき排水・大気規制、EU の RoHS/REACH は、方式選定とライン運用の前提条件として切り離せません。環境省 大阪府 US EPA 排水 US EPA 大気 欧州委員会 RoHS ECHA Annex XVII	inline citation context	https://env.go.jp/water/impure/haisui.html | https://pref.osaka.lg.jp/o120080/jigyoshoshido/mizu/r6-4kaisei.html | https://epa.gov/eg/electroplating-effluent-guidelines | https://epa.gov/stationary-sources-air-pollution/chromium-electroplating-national-emission-standards-hazardous-air | https://environment.ec.europa.eu/topics/waste-and-recycling/rohs-directive_en | https://echa.europa.eu/documents/10162/3bbe9024-52a6-8e63-5581-e686331eb459	https://env.go.jp/water/impure/haisui.html | https://pref.osaka.lg.jp/o120080/jigyoshoshido/mizu/r6-4kaisei.html | https://epa.gov/eg/electroplating-effluent-guidelines | https://epa.gov/stationary-sources-air-pollution/chromium-electroplating-national-emission-standards-hazardous-air | https://environment.ec.europa.eu/topics/waste-and-recycling/rohs-directive_en | https://echa.europa.eu/documents/10162/3bbe9024-52a6-8e63-5581-e686331eb459	env.go.jp | pref.osaka.lg.jp | epa.gov | environment.ec.europa.eu | echa.europa.eu	6	6	official_regulator | legal_text	0.95	ok		2	1		2024-04-01	EU	hexavalent chromium		2024-04-01		standard	official, legal, standards, academic, or public-context support is present	
claim-004	## 2. 読み手が先に知るべき要点	advice	high	公開資料の範囲では、電気めっきは汎用性と量産性に優れますが、電流分布の影響で膜厚が形状依存になりやすく、深穴や凹部の均一性が課題です。無電解めっきは複雑形状や非導体への適用で優位ですが、薬液管理とコスト負荷が重くなりやすい傾向があります。富士電機 全国鍍金工業組合連合会 表面技術協会	inline citation context	https://fujielectric.co.jp/products/plating/about | https://zentoren.or.jp/mekki/hyoumenshori.html | https://sfj.or.jp/kaikoku/20220829Kansai.html	https://fujielectric.co.jp/products/plating/about | https://zentoren.or.jp/mekki/hyoumenshori.html | https://sfj.or.jp/kaikoku/20220829Kansai.html	fujielectric.co.jp | zentoren.or.jp | sfj.or.jp	3	1	vendor_first_party | industry_association | professional_body	0.95	ok		2	1								standard	official, legal, standards, academic, or public-context support is present	industry association evidence is best used for sector context, not plant-specific guarantees; vendor evidence should be checked against the actual process, substrate, and acceptance test
claim-005	## 2. 読み手が先に知るべき要点	advice	medium	代表例として、溶融亜鉛めっきは精密電子用途のめっきと同じ土俵で比較すると誤りやすい別系統の意思決定です。鋼構造物や屋外使用部材で、防食寿命と全浸漬性を重視する場面で使い分ける理解が安全です。日本溶融亜鉛鍍金協会 大阪府立産業技術総合研究所	inline citation context	https://aen-mekki.or.jp/ | https://www2.orist.jp/dl/izumi/archive/Gijutsu_shiryo/Corr.pdf	https://aen-mekki.or.jp/ | https://www2.orist.jp/dl/izumi/archive/Gijutsu_shiryo/Corr.pdf	aen-mekki.or.jp | www2.orist.jp	2	2	professional_body | government_context	0.95	ok		2	1			Japan					standard	official, legal, standards, academic, or public-context support is present	
claim-006	## 2. 読み手が先に知るべき要点	advice	medium	公開資料の範囲では、自動車と電子部品は今もめっきの中心需要先です。自動車では防食と摩擦係数、電子・半導体周辺では導電、接続、界面品質、熱履歴後の信頼性が重くなる整理が一般的です。機材工 JCU 経済産業省	inline citation context	https://kizaikou.or.jp/basic.html | https://jcu-i.com/wp/wp-content/uploads/2022/10/irks1_20220511.pdf | https://meti.go.jp/policy/mono_info_service/mono/iron_and_steel/downloadfiles/kinzokusozai2.pdf	https://kizaikou.or.jp/basic.html | https://jcu-i.com/wp/wp-content/uploads/2022/10/irks1_20220511.pdf | https://meti.go.jp/policy/mono_info_service/mono/iron_and_steel/downloadfiles/kinzokusozai2.pdf	kizaikou.or.jp | jcu-i.com | meti.go.jp	3	1	industry_association | vendor_first_party | government_context	0.95	ok		2	1			Japan					standard	official, legal, standards, academic, or public-context support is present	industry association evidence is best used for sector context, not plant-specific guarantees; vendor evidence should be checked against the actual process, substrate, and acceptance test
claim-007	## 2. 読み手が先に知るべき要点	advice	high	電子用途では、プリント基板、ビア形成、コネクタ、リードフレーム、半導体パッケージ基板まで、銅・ニッケル・金・銀・すず系の組合せが使い分けられます。品質問題は出荷時に顕在化しないこともあり、IPC は microvia-to-target plating failure の潜在化を警告しています。JCU IPC	inline citation context	https://jcu-i.com/wp/wp-content/uploads/2022/10/irks1_20220511.pdf | https://ipc.org/news-release/ipc-issues-electronics-industry-warning-printed-board-microvia-reliability-high	https://jcu-i.com/wp/wp-content/uploads/2022/10/irks1_20220511.pdf | https://ipc.org/news-release/ipc-issues-electronics-industry-warning-printed-board-microvia-reliability-high	jcu-i.com | ipc.org	2	1	vendor_first_party | standards_body	0.85	ok		2	1				nickel	product use and exposure conditions			standard	official, legal, standards, academic, or public-context support is present	
claim-008	## 2. 読み手が先に知るべき要点	advice	medium	工程管理上は、前処理、浴組成、添加剤、不純物、洗浄、乾燥、検査の総合管理が重要で、薬品単価だけでは総コストを語れません。歩留まり、再処理率、停止頻度、分析自動化、廃液・排気処理が効いてきます。大阪府立産業技術総合研究所 表面技術協会 JCU	inline citation context	https://www2.orist.jp/dl/izumi/archive/Gijutsu_shiryo/Corr.pdf | https://sfj.or.jp/kaikoku/20220829Kansai.html | https://jcu-i.com/wp/wp-content/uploads/2022/10/irks1_20220511.pdf	https://www2.orist.jp/dl/izumi/archive/Gijutsu_shiryo/Corr.pdf | https://sfj.or.jp/kaikoku/20220829Kansai.html | https://jcu-i.com/wp/wp-content/uploads/2022/10/irks1_20220511.pdf	www2.orist.jp | sfj.or.jp | jcu-i.com	3	2	government_context | professional_body | vendor_first_party	0.95	ok		2	1								standard	official, legal, standards, academic, or public-context support is present	vendor evidence should be checked against the actual process, substrate, and acceptance test
claim-009	## 2. 読み手が先に知るべき要点	temporal	high	日本では、六価クロムの一般排水基準は 0.2 mg Cr(VI)/L で、2024年4月1日から電気めっき業の特定事業場には 0.5 mg/L の暫定基準が3年間適用されています。さらに 2024年2月5日には測定法も JIS K0102-3 ベースへ改められました。環境省 排水基準 大阪府 環境省 測定法改正	inline citation context	https://env.go.jp/water/impure/haisui.html | https://pref.osaka.lg.jp/o120080/jigyoshoshido/mizu/r6-4kaisei.html | https://env.go.jp/press/press_02720.html	https://env.go.jp/water/impure/haisui.html | https://pref.osaka.lg.jp/o120080/jigyoshoshido/mizu/r6-4kaisei.html | https://env.go.jp/press/press_02720.html	env.go.jp | pref.osaka.lg.jp	3	3	official_regulator | legal_text	0.95	ok		2	1		2024-02-05 | 2024-04-01	Japan	hexavalent chromium		2024-02-05	3 years	standard	official, legal, standards, academic, or public-context support is present	
claim-010	## 2. 読み手が先に知るべき要点	regulatory	high	労働安全は個別規則だけでなく、自律的管理への移行が進んでいます。六価クロムは OSHA でも PEL 5 µg/m3、アクションレベル 2.5 µg/m3 という明確な基準があり、ばく露測定と是正が中心論点です。厚生労働省 OSHA NIEHS	inline citation context	https://mhlw.go.jp/stf/seisakunitsuite/bunya/0000099121_00005.html | https://osha.gov/laws-regs/regulations/standardnumber/1910/1910.1026 | https://niehs.nih.gov/health/topics/agents/hex-chromium	https://mhlw.go.jp/stf/seisakunitsuite/bunya/0000099121_00005.html | https://osha.gov/laws-regs/regulations/standardnumber/1910/1910.1026 | https://niehs.nih.gov/health/topics/agents/hex-chromium	mhlw.go.jp | osha.gov | niehs.nih.gov	3	3	official_regulator | legal_text | government_context	0.95	ok		2	1			Japan	hexavalent chromium				standard	official, legal, standards, academic, or public-context support is present	
claim-011	## 2. 読み手が先に知るべき要点	regulatory	high	EU では、RoHS が EEE 中の六価クロムを制限し、REACH Annex XVII Entry 27 はニッケルを「総量」ではなく皮膚接触時の放出条件で縛ります。RoHS 適合と REACH 適合は別問題であり、製品スコープと接触条件を付けて書く必要があります。EUR-Lex RoHS 欧州委員会 RoHS ECHA Annex XVII ECHA nickel details	inline citation context	https://eur-lex.europa.eu/legal-content/EN/TXT?uri=CELEX%3A02011L0065-20250101 | https://environment.ec.europa.eu/topics/waste-and-recycling/rohs-directive_en | https://echa.europa.eu/documents/10162/3bbe9024-52a6-8e63-5581-e686331eb459 | https://echa.europa.eu/substances-restricted-under-reach/-/dislist/details/0b0236e1807e266a	https://eur-lex.europa.eu/legal-content/EN/TXT?uri=CELEX%3A02011L0065-20250101 | https://environment.ec.europa.eu/topics/waste-and-recycling/rohs-directive_en | https://echa.europa.eu/documents/10162/3bbe9024-52a6-8e63-5581-e686331eb459 | https://echa.europa.eu/substances-restricted-under-reach/-/dislist/details/0b0236e1807e266a	eur-lex.europa.eu | environment.ec.europa.eu | echa.europa.eu	4	4	legal_text | government_context	0.95	ok		2	1			EU	hexavalent chromium	electrical and electronic equipment			standard	official, legal, standards, academic, or public-context support is present	
claim-012	## 3. 判断に使う主要根拠	fact	low	めっきは基材表面に金属皮膜を形成して機能を付与する技術で、狭義では湿式反応、広義では乾式法まで含む用法がある。	表面技術協会と富士電機は湿式めっきの定義を示し、アルバックテクノは蒸着・スパッタ等を含む広義用法を明示している。	https://mekki.sfj.or.jp/ | https://fujielectric.co.jp/products/plating/about | https://ulvac-techno.co.jp/service/surface_treatment/faq/001.html	https://mekki.sfj.or.jp/ | https://fujielectric.co.jp/products/plating/about | https://ulvac-techno.co.jp/service/surface_treatment/faq/001.html	mekki.sfj.or.jp | fujielectric.co.jp | ulvac-techno.co.jp	3	1	professional_body | vendor_first_party	0.95	ok		2	1								standard	official, legal, standards, academic, or public-context support is present	vendor evidence should be checked against the actual process, substrate, and acceptance test
claim-013	## 3. 判断に使う主要根拠	fact	low	電気めっき、無電解めっき、溶融めっきは、原理も向く用途も異なるため分けて比較すべきである。	富士電機は電気・無電解・置換を区別し、全鍍連は無電解の均一析出性を説明し、日本溶融亜鉛鍍金協会は溶融亜鉛めっきを独立した技術分野として扱う。	https://fujielectric.co.jp/products/plating/about | https://zentoren.or.jp/mekki/hyoumenshori.html | https://aen-mekki.or.jp/	https://fujielectric.co.jp/products/plating/about | https://zentoren.or.jp/mekki/hyoumenshori.html | https://aen-mekki.or.jp/	fujielectric.co.jp | zentoren.or.jp | aen-mekki.or.jp	3	1	vendor_first_party | industry_association | professional_body	0.95	ok		2	1								standard	official, legal, standards, academic, or public-context support is present	industry association evidence is best used for sector context, not plant-specific guarantees; vendor evidence should be checked against the actual process, substrate, and acceptance test
claim-014	## 3. 判断に使う主要根拠	fact	low	自動車、機械、電気電子、建材は代表的な需要先であり、めっきは装飾だけでなく防食・導電・接続機能を担う。	機材工は代表用途を自動車部品、機械部品、電気電子部品、装飾部品と整理し、JCU は自動車部品、基板、電子部品、半導体周辺を具体例として挙げる。	https://kizaikou.or.jp/basic.html | https://jcu-i.com/wp/wp-content/uploads/2022/10/irks1_20220511.pdf	https://kizaikou.or.jp/basic.html | https://jcu-i.com/wp/wp-content/uploads/2022/10/irks1_20220511.pdf	kizaikou.or.jp | jcu-i.com	2	0	industry_association | vendor_first_party	0.85	ok		2	1								soften_vendor_association	vendor / industry-association evidence should be framed as representative or public-material context	industry association evidence is best used for sector context, not plant-specific guarantees; vendor evidence should be checked against the actual process, substrate, and acceptance test
claim-015	## 3. 判断に使う主要根拠	fact	low	電子用途では、基板・微細配線・コネクタ等でめっき品質が接続信頼性を左右し、潜在不良は熱負荷後に顕在化しうる。	JCU は基板・ビアフィル・電子部品・半導体PKG基板向け銅めっき薬品を整理し、IPC は microvia-to-target plating failure が従来検査をすり抜けると警告している。	https://jcu-i.com/wp/wp-content/uploads/2022/10/irks1_20220511.pdf | https://ipc.org/news-release/ipc-issues-electronics-industry-warning-printed-board-microvia-reliability-high	https://jcu-i.com/wp/wp-content/uploads/2022/10/irks1_20220511.pdf | https://ipc.org/news-release/ipc-issues-electronics-industry-warning-printed-board-microvia-reliability-high	jcu-i.com | ipc.org	2	1	vendor_first_party | standards_body	0.85	ok		2	1								standard	official, legal, standards, academic, or public-context support is present	
claim-016	## 3. 判断に使う主要根拠	fact	high	工程不良の多くは前処理、浴管理、膜厚均一性、密着性、異物管理の失敗として現れる。	ORIST はめっきの利用分野と前処理・機能を整理し、表面技術協会の湿式めっき基礎セミナーは無電解ニッケルの選定・管理方法の重要性を示している。	https://www2.orist.jp/dl/izumi/archive/Gijutsu_shiryo/Corr.pdf | https://sfj.or.jp/kaikoku/20220829Kansai.html	https://www2.orist.jp/dl/izumi/archive/Gijutsu_shiryo/Corr.pdf | https://sfj.or.jp/kaikoku/20220829Kansai.html	www2.orist.jp | sfj.or.jp	2	2	government_context | professional_body	0.95	ok		2	1								standard	official, legal, standards, academic, or public-context support is present	
claim-017	## 3. 判断に使う主要根拠	fact	high	日本では六価クロムの一般排水基準が 0.2 mg Cr(VI)/L に整理され、2024年4月1日から電気めっき業には 0.5 mg/L の暫定基準が3年間適用されている。	環境省の一般排水基準ページが 0.2 mg Cr(VI)/L を示し、大阪府ページが 2024年4月1日施行の暫定基準 0.5 mg/L を説明している。	https://env.go.jp/water/impure/haisui.html | https://pref.osaka.lg.jp/o120080/jigyoshoshido/mizu/r6-4kaisei.html	https://env.go.jp/water/impure/haisui.html | https://pref.osaka.lg.jp/o120080/jigyoshoshido/mizu/r6-4kaisei.html	env.go.jp | pref.osaka.lg.jp	2	2	official_regulator | legal_text	0.95	ok		2	1		2024-04-01	Japan	hexavalent chromium			3 years	standard	official, legal, standards, academic, or public-context support is present	
claim-018	## 3. 判断に使う主要根拠	fact	high	2024年2月5日、日本では六価クロムの測定法も見直され、JIS K0102-3 ベースへ改められた。	環境省の 2024-02-05 報道発表は、六価クロム化合物の検定法・測定法を JIS K0102-3 に改めたことを明示している。	https://env.go.jp/press/press_02720.html | https://env.go.jp/water/impure/haisui.html	https://env.go.jp/press/press_02720.html | https://env.go.jp/water/impure/haisui.html	env.go.jp	2	2	official_regulator	0.95	ok		2	1		2024-02-05	Japan	hexavalent chromium				standard	official, legal, standards, academic, or public-context support is present	
claim-019	## 3. 判断に使う主要根拠	fact	high	米国では、めっきは排水規制と大気規制の両面から管理され、クロム工程では PFAS と六価クロムが同時論点化している。	EPA の電気めっき排水ガイドラインは chrome finishing facilities と PFAS 論点を示し、クロムめっき NESHAP は hard/decorative chromium electroplating を対象にしている。	https://epa.gov/eg/electroplating-effluent-guidelines | https://epa.gov/stationary-sources-air-pollution/chromium-electroplating-national-emission-standards-hazardous-air	https://epa.gov/eg/electroplating-effluent-guidelines | https://epa.gov/stationary-sources-air-pollution/chromium-electroplating-national-emission-standards-hazardous-air	epa.gov	2	2	official_regulator	0.95	ok		2	1			United States	hexavalent chromium				standard	official, legal, standards, academic, or public-context support is present	
claim-020	## 3. 判断に使う主要根拠	fact	high	六価クロムは電気めっきで広く使われる一方、職業ばく露の健康影響が強く意識されている。	NIEHS は electroplating を主要用途に挙げ、OSHA は PEL 5 µg/m3 と action level 2.5 µg/m3 を定めている。	https://niehs.nih.gov/health/topics/agents/hex-chromium | https://osha.gov/laws-regs/regulations/standardnumber/1910/1910.1026	https://niehs.nih.gov/health/topics/agents/hex-chromium | https://osha.gov/laws-regs/regulations/standardnumber/1910/1910.1026	niehs.nih.gov | osha.gov	2	2	government_context | legal_text	0.95	ok		2	1			United States	hexavalent chromium				standard	official, legal, standards, academic, or public-context support is present	
claim-021	## 3. 判断に使う主要根拠	fact	high	EU では、EEE 向けには RoHS が六価クロムを制限し、皮膚接触品には REACH Annex XVII Entry 27 のニッケル放出条件が効く。	欧州委員会と EUR-Lex の RoHS 文書が hexavalent chromium を制限対象に挙げ、ECHA 文書が Entry 27 のニッケル条件を整理している。	https://environment.ec.europa.eu/topics/waste-and-recycling/rohs-directive_en | https://eur-lex.europa.eu/legal-content/EN/TXT?uri=CELEX%3A02011L0065-20250101 | https://echa.europa.eu/documents/10162/3bbe9024-52a6-8e63-5581-e686331eb459	https://environment.ec.europa.eu/topics/waste-and-recycling/rohs-directive_en | https://eur-lex.europa.eu/legal-content/EN/TXT?uri=CELEX%3A02011L0065-20250101 | https://echa.europa.eu/documents/10162/3bbe9024-52a6-8e63-5581-e686331eb459	environment.ec.europa.eu | eur-lex.europa.eu | echa.europa.eu	3	3	legal_text	0.95	ok		2	1			EU	hexavalent chromium	electrical and electronic equipment			standard	official, legal, standards, academic, or public-context support is present	
claim-022	### 4.1 方式比較の見取り図	fact	low	電気めっき - 主な使いどころ: 自動車部品、コネクタ、外観部材、一般機能皮膜	table cell	https://fujielectric.co.jp/products/plating/about | https://asminternational.org/results/-/journal_content/56/ASMHBA0003687/BOOK-ARTICLE	https://fujielectric.co.jp/products/plating/about | https://asminternational.org/results/-/journal_content/56/ASMHBA0003687/BOOK-ARTICLE	fujielectric.co.jp | asminternational.org	2	1	vendor_first_party | professional_body	0.85	ok		2	1								standard	official, legal, standards, academic, or public-context support is present	vendor evidence should be checked against the actual process, substrate, and acceptance test
claim-023	### 4.1 方式比較の見取り図	fact	low	電気めっき - 強み: 金属種の選択肢が広く、量産しやすく、コスト/性能バランスが良い	table cell	https://fujielectric.co.jp/products/plating/about | https://asminternational.org/results/-/journal_content/56/ASMHBA0003687/BOOK-ARTICLE	https://fujielectric.co.jp/products/plating/about | https://asminternational.org/results/-/journal_content/56/ASMHBA0003687/BOOK-ARTICLE	fujielectric.co.jp | asminternational.org	2	1	vendor_first_party | professional_body	0.85	ok		2	1								standard	official, legal, standards, academic, or public-context support is present	vendor evidence should be checked against the actual process, substrate, and acceptance test
claim-024	### 4.1 方式比較の見取り図	fact	high	電気めっき - 主な弱み・注意: 形状依存で膜厚が偏りやすい。前処理と電流分布設計が重要	table cell	https://fujielectric.co.jp/products/plating/about | https://asminternational.org/results/-/journal_content/56/ASMHBA0003687/BOOK-ARTICLE	https://fujielectric.co.jp/products/plating/about | https://asminternational.org/results/-/journal_content/56/ASMHBA0003687/BOOK-ARTICLE	fujielectric.co.jp | asminternational.org	2	1	vendor_first_party | professional_body	0.85	ok		2	1								standard	official, legal, standards, academic, or public-context support is present	vendor evidence should be checked against the actual process, substrate, and acceptance test
claim-025	### 4.1 方式比較の見取り図	fact	high	無電解めっき - 主な使いどころ: 複雑形状、非導体、均一膜厚重視、精密部品	table cell	https://zentoren.or.jp/mekki/hyoumenshori.html | https://sfj.or.jp/kaikoku/20220829Kansai.html	https://zentoren.or.jp/mekki/hyoumenshori.html | https://sfj.or.jp/kaikoku/20220829Kansai.html	zentoren.or.jp | sfj.or.jp	2	1	industry_association | professional_body	0.85	ok		2	1								standard	official, legal, standards, academic, or public-context support is present	industry association evidence is best used for sector context, not plant-specific guarantees
claim-026	### 4.1 方式比較の見取り図	fact	low	無電解めっき - 強み: 電流分布に縛られず均一析出しやすい	table cell	https://zentoren.or.jp/mekki/hyoumenshori.html | https://sfj.or.jp/kaikoku/20220829Kansai.html	https://zentoren.or.jp/mekki/hyoumenshori.html | https://sfj.or.jp/kaikoku/20220829Kansai.html	zentoren.or.jp | sfj.or.jp	2	1	industry_association | professional_body	0.85	ok		2	1								standard	official, legal, standards, academic, or public-context support is present	industry association evidence is best used for sector context, not plant-specific guarantees
claim-027	### 4.1 方式比較の見取り図	fact	low	無電解めっき - 主な弱み・注意: 浴安定性、還元剤管理、コスト、浴寿命が論点	table cell	https://zentoren.or.jp/mekki/hyoumenshori.html | https://sfj.or.jp/kaikoku/20220829Kansai.html	https://zentoren.or.jp/mekki/hyoumenshori.html | https://sfj.or.jp/kaikoku/20220829Kansai.html	zentoren.or.jp | sfj.or.jp	2	1	industry_association | professional_body	0.85	ok		2	1								standard	official, legal, standards, academic, or public-context support is present	industry association evidence is best used for sector context, not plant-specific guarantees
claim-028	### 4.1 方式比較の見取り図	fact	low	溶融亜鉛めっき - 主な使いどころ: 鋼構造物、建材、屋外部材	table cell	https://aen-mekki.or.jp/ | https://www2.orist.jp/dl/izumi/archive/Gijutsu_shiryo/Corr.pdf	https://aen-mekki.or.jp/ | https://www2.orist.jp/dl/izumi/archive/Gijutsu_shiryo/Corr.pdf	aen-mekki.or.jp | www2.orist.jp	2	2	professional_body | government_context	0.95	ok		2	1								standard	official, legal, standards, academic, or public-context support is present	
claim-029	### 4.1 方式比較の見取り図	fact	low	溶融亜鉛めっき - 強み: 厚い防食皮膜、犠牲防食、全浸漬性	table cell	https://aen-mekki.or.jp/ | https://www2.orist.jp/dl/izumi/archive/Gijutsu_shiryo/Corr.pdf	https://aen-mekki.or.jp/ | https://www2.orist.jp/dl/izumi/archive/Gijutsu_shiryo/Corr.pdf	aen-mekki.or.jp | www2.orist.jp	2	2	professional_body | government_context	0.95	ok		2	1								standard	official, legal, standards, academic, or public-context support is present	
claim-030	### 4.1 方式比較の見取り図	fact	low	溶融亜鉛めっき - 主な弱み・注意: 精密電子用途のような微細制御には向かない	table cell	https://aen-mekki.or.jp/ | https://www2.orist.jp/dl/izumi/archive/Gijutsu_shiryo/Corr.pdf	https://aen-mekki.or.jp/ | https://www2.orist.jp/dl/izumi/archive/Gijutsu_shiryo/Corr.pdf	aen-mekki.or.jp | www2.orist.jp	2	2	professional_body | government_context	0.95	ok		2	1								standard	official, legal, standards, academic, or public-context support is present	
claim-031	### 4.1 方式比較の見取り図	fact	low	乾式/真空系表面処理 - 主な使いどころ: 意匠膜、薄膜機能、真空成膜	table cell	https://ulvac-techno.co.jp/service/surface_treatment/faq/001.html | https://mekki.sfj.or.jp/	https://ulvac-techno.co.jp/service/surface_treatment/faq/001.html | https://mekki.sfj.or.jp/	ulvac-techno.co.jp | mekki.sfj.or.jp	2	1	vendor_first_party | professional_body	0.85	ok		2	1								standard	official, legal, standards, academic, or public-context support is present	vendor evidence should be checked against the actual process, substrate, and acceptance test
claim-032	### 4.1 方式比較の見取り図	fact	low	乾式/真空系表面処理 - 強み: 薄膜制御、湿式とは別の材料設計が可能	table cell	https://ulvac-techno.co.jp/service/surface_treatment/faq/001.html | https://mekki.sfj.or.jp/	https://ulvac-techno.co.jp/service/surface_treatment/faq/001.html | https://mekki.sfj.or.jp/	ulvac-techno.co.jp | mekki.sfj.or.jp	2	1	vendor_first_party | professional_body	0.85	ok		2	1								standard	official, legal, standards, academic, or public-context support is present	vendor evidence should be checked against the actual process, substrate, and acceptance test
claim-033	### 4.1 方式比較の見取り図	scope	low	乾式/真空系表面処理 - 主な弱み・注意: 狭義のめっきと混同しやすく、工程比較の前提がずれる	table cell	https://ulvac-techno.co.jp/service/surface_treatment/faq/001.html | https://mekki.sfj.or.jp/	https://ulvac-techno.co.jp/service/surface_treatment/faq/001.html | https://mekki.sfj.or.jp/	ulvac-techno.co.jp | mekki.sfj.or.jp	2	1	vendor_first_party | professional_body	0.80	out_of_scope		0	0								standard	official, legal, standards, academic, or public-context support is present	vendor evidence should be checked against the actual process, substrate, and acceptance test
claim-034	### 4.2 何が選定を分けるか	advice	high	公開資料の範囲では、方式差でまず見るべきは電流を使うかどうかより、形状依存性と基材適合性です。深穴や複雑形状で均一膜厚が必須なら、電気めっき単独より無電解やシード層併用が候補に上がりやすくなります。富士電機 全国鍍金工業組合連合会	inline citation context	https://fujielectric.co.jp/products/plating/about | https://zentoren.or.jp/mekki/hyoumenshori.html	https://fujielectric.co.jp/products/plating/about | https://zentoren.or.jp/mekki/hyoumenshori.html	fujielectric.co.jp | zentoren.or.jp	2	0	vendor_first_party | industry_association	0.85	ok		2	1								soften_vendor_association	vendor / industry-association evidence should be framed as representative or public-material context	industry association evidence is best used for sector context, not plant-specific guarantees; vendor evidence should be checked against the actual process, substrate, and acceptance test
claim-035	### 4.2 何が選定を分けるか	fact	low	用途差では、防食系と電子系を一括で語らない方がよいです。前者は耐食寿命や後処理、後者は接触信頼性、ボイド、界面、熱サイクル後の不良顕在化が中心になります。機材工 IPC	inline citation context	https://kizaikou.or.jp/basic.html | https://ipc.org/news-release/ipc-issues-electronics-industry-warning-printed-board-microvia-reliability-high	https://kizaikou.or.jp/basic.html | https://ipc.org/news-release/ipc-issues-electronics-industry-warning-printed-board-microvia-reliability-high	kizaikou.or.jp | ipc.org	2	1	industry_association | standards_body	0.85	ok		2	1								standard	official, legal, standards, academic, or public-context support is present	industry association evidence is best used for sector context, not plant-specific guarantees
claim-036	### 4.2 何が選定を分けるか	regulatory	high	コスト差では、薬品単価よりライン停止、再処理、検査負荷、排水・排気処理の方が効く場面が多いです。これは、環境規制と品質保証が工程そのものに組み込まれているからです。JCU US EPA 排水	inline citation context	https://jcu-i.com/wp/wp-content/uploads/2022/10/irks1_20220511.pdf | https://epa.gov/eg/electroplating-effluent-guidelines	https://jcu-i.com/wp/wp-content/uploads/2022/10/irks1_20220511.pdf | https://epa.gov/eg/electroplating-effluent-guidelines	jcu-i.com | epa.gov	2	1	vendor_first_party | official_regulator	0.85	ok		2	1			United States	wastewater discharge				standard	official, legal, standards, academic, or public-context support is present	
claim-037	### 4.2 何が選定を分けるか	regulatory	high	規制差では、同じめっきでも「製品中の制限」「皮膚接触時の放出」「作業者ばく露」「排水」「大気排出」が別の法体系で管理されます。設計段階で混同すると、後工程での是正コストが大きくなります。EUR-Lex RoHS ECHA Annex XVII OSHA 環境省 排水基準	inline citation context	https://eur-lex.europa.eu/legal-content/EN/TXT?uri=CELEX%3A02011L0065-20250101 | https://echa.europa.eu/documents/10162/3bbe9024-52a6-8e63-5581-e686331eb459 | https://osha.gov/laws-regs/regulations/standardnumber/1910/1910.1026 | https://env.go.jp/water/impure/haisui.html	https://eur-lex.europa.eu/legal-content/EN/TXT?uri=CELEX%3A02011L0065-20250101 | https://echa.europa.eu/documents/10162/3bbe9024-52a6-8e63-5581-e686331eb459 | https://osha.gov/laws-regs/regulations/standardnumber/1910/1910.1026 | https://env.go.jp/water/impure/haisui.html	eur-lex.europa.eu | echa.europa.eu | osha.gov | env.go.jp	4	4	legal_text | official_regulator	0.95	ok		2	1			EU	hazardous substances in EEE	skin-contact release condition			standard	official, legal, standards, academic, or public-context support is present	
claim-038	### 4.3 用途別に見た方式の役割	fact	low	需要側の類型: 一般に、防食・耐候を重視する鋼部品/建材系、自動車の意匠・機能部品系、電子部品/基板/半導体周辺系で、採用する皮膜と検査指標が大きく違います。機材工 JCU	inline citation context	https://kizaikou.or.jp/basic.html | https://jcu-i.com/wp/wp-content/uploads/2022/10/irks1_20220511.pdf	https://kizaikou.or.jp/basic.html | https://jcu-i.com/wp/wp-content/uploads/2022/10/irks1_20220511.pdf	kizaikou.or.jp | jcu-i.com	2	0	industry_association | vendor_first_party	0.85	ok		2	1								soften_vendor_association	vendor / industry-association evidence should be framed as representative or public-material context	industry association evidence is best used for sector context, not plant-specific guarantees; vendor evidence should be checked against the actual process, substrate, and acceptance test
claim-039	### 4.3 用途別に見た方式の役割	fact	low	供給側の類型: 公開資料の範囲では、日本ではめっき加工会社、薬品メーカー、装置メーカー、分析・検査、顧客品質保証が分業で動く構造が強く、材料選定より責任分担設計が実務上重要になりやすいです。JCU 機材工	inline citation context	https://jcu-i.com/wp/wp-content/uploads/2022/10/irks1_20220511.pdf | https://kizaikou.or.jp/basic.html	https://jcu-i.com/wp/wp-content/uploads/2022/10/irks1_20220511.pdf | https://kizaikou.or.jp/basic.html	jcu-i.com | kizaikou.or.jp	2	0	vendor_first_party | industry_association	0.85	ok		2	1			Japan					soften_vendor_association	vendor / industry-association evidence should be framed as representative or public-material context	industry association evidence is best used for sector context, not plant-specific guarantees; vendor evidence should be checked against the actual process, substrate, and acceptance test
claim-040	### 4.3 用途別に見た方式の役割	fact	high	技術類型: 代表的な整理として、亜鉛系防食、ニッケル系機能皮膜、銅系導電/配線形成、貴金属系接点/装飾、クロム系外観・硬質用途などに分けると、用途と不具合モードを整理しやすくなります。全国鍍金工業組合連合会 大阪府立産業技術総合研究所	inline citation context	https://zentoren.or.jp/mekki/shurui.html | https://www2.orist.jp/dl/izumi/archive/Gijutsu_shiryo/Corr.pdf	https://zentoren.or.jp/mekki/shurui.html | https://www2.orist.jp/dl/izumi/archive/Gijutsu_shiryo/Corr.pdf	zentoren.or.jp | www2.orist.jp	2	1	industry_association | government_context	0.85	ok		2	1				nickel	product use and exposure conditions			standard	official, legal, standards, academic, or public-context support is present	industry association evidence is best used for sector context, not plant-specific guarantees
claim-041	### 4.4 工程全体と関係者のつながり	regulatory	high	上流では、化学薬品、前処理、治具、整流器、排気、排水処理が一体で工程能力を決めます。めっきそのものだけを最適化しても、洗浄・乾燥・排水で詰まると量産は安定しません。US EPA 排水 厚生労働省	inline citation context	https://epa.gov/eg/electroplating-effluent-guidelines | https://mhlw.go.jp/stf/seisakunitsuite/bunya/0000099121_00005.html	https://epa.gov/eg/electroplating-effluent-guidelines | https://mhlw.go.jp/stf/seisakunitsuite/bunya/0000099121_00005.html	epa.gov | mhlw.go.jp	2	2	official_regulator	0.95	ok		2	1			Japan	wastewater discharge				standard	official, legal, standards, academic, or public-context support is present	
claim-042	### 4.4 工程全体と関係者のつながり	fact	low	公開資料の範囲では、中流では専業めっき会社と自社ラインの両方が存在し、用途ごとに薬品メーカーや装置メーカーの標準プロセスが事実上の参照軸になりやすいです。JCU 機材工	inline citation context	https://jcu-i.com/wp/wp-content/uploads/2022/10/irks1_20220511.pdf | https://kizaikou.or.jp/basic.html	https://jcu-i.com/wp/wp-content/uploads/2022/10/irks1_20220511.pdf | https://kizaikou.or.jp/basic.html	jcu-i.com | kizaikou.or.jp	2	0	vendor_first_party | industry_association	0.85	ok		2	1								soften_vendor_association	vendor / industry-association evidence should be framed as representative or public-material context	industry association evidence is best used for sector context, not plant-specific guarantees; vendor evidence should be checked against the actual process, substrate, and acceptance test
claim-043	### 4.4 工程全体と関係者のつながり	fact	high	下流では、自動車 OEM/Tier、電子部品メーカー、基板メーカー、半導体パッケージ基板メーカー、建材用途が主要な受け皿です。下流側の要求が、膜厚、公差、トレーサビリティ、規制適合の仕様へ跳ね返ります。JCU 経済産業省	inline citation context	https://jcu-i.com/wp/wp-content/uploads/2022/10/irks1_20220511.pdf | https://meti.go.jp/policy/mono_info_service/mono/iron_and_steel/downloadfiles/kinzokusozai2.pdf	https://jcu-i.com/wp/wp-content/uploads/2022/10/irks1_20220511.pdf | https://meti.go.jp/policy/mono_info_service/mono/iron_and_steel/downloadfiles/kinzokusozai2.pdf	jcu-i.com | meti.go.jp	2	1	vendor_first_party | government_context	0.85	ok		2	1			Japan					standard	official, legal, standards, academic, or public-context support is present	vendor evidence should be checked against the actual process, substrate, and acceptance test
claim-044	### 4.5 例外条件と誤解しやすい境界	fact	low	「めっき = 電気めっき」と断定すると、無電解めっきや溶融めっき、さらには広義の乾式法との境界を取り違えます。逆に「真空蒸着も全部めっき」と書くと、工程比較が雑になります。表面技術協会 アルバックテクノ	inline citation context	https://mekki.sfj.or.jp/ | https://ulvac-techno.co.jp/service/surface_treatment/faq/001.html	https://mekki.sfj.or.jp/ | https://ulvac-techno.co.jp/service/surface_treatment/faq/001.html	mekki.sfj.or.jp | ulvac-techno.co.jp	2	1	professional_body | vendor_first_party	0.85	ok		2	1								standard	official, legal, standards, academic, or public-context support is present	vendor evidence should be checked against the actual process, substrate, and acceptance test
claim-045	### 4.5 例外条件と誤解しやすい境界	advice	medium	「外観が良い = 品質が高い」も危険です。電子用途では潜在不良がリフロー後や現地使用後に出ることがあり、逆に防食用途では外観差が直ちに寿命差を意味しない場合があります。IPC 大阪府立産業技術総合研究所	inline citation context	https://ipc.org/news-release/ipc-issues-electronics-industry-warning-printed-board-microvia-reliability-high | https://www2.orist.jp/dl/izumi/archive/Gijutsu_shiryo/Corr.pdf	https://ipc.org/news-release/ipc-issues-electronics-industry-warning-printed-board-microvia-reliability-high | https://www2.orist.jp/dl/izumi/archive/Gijutsu_shiryo/Corr.pdf	ipc.org | www2.orist.jp	2	2	standards_body | government_context	0.95	ok		2	1								standard	official, legal, standards, academic, or public-context support is present	
claim-046	### 4.5 例外条件と誤解しやすい境界	regulatory	high	「六価クロムは禁止済み」「ニッケルめっきは違法」といった書き方も誤りです。実際には、国・用途・接触条件・法体系ごとに結論が違います。EUR-Lex RoHS ECHA Annex XVII OSHA	inline citation context	https://eur-lex.europa.eu/legal-content/EN/TXT?uri=CELEX%3A02011L0065-20250101 | https://echa.europa.eu/documents/10162/3bbe9024-52a6-8e63-5581-e686331eb459 | https://osha.gov/laws-regs/regulations/standardnumber/1910/1910.1026	https://eur-lex.europa.eu/legal-content/EN/TXT?uri=CELEX%3A02011L0065-20250101 | https://echa.europa.eu/documents/10162/3bbe9024-52a6-8e63-5581-e686331eb459 | https://osha.gov/laws-regs/regulations/standardnumber/1910/1910.1026	eur-lex.europa.eu | echa.europa.eu | osha.gov	3	3	legal_text	0.95	ok		2	1			EU	hexavalent chromium	product use and exposure conditions			standard	official, legal, standards, academic, or public-context support is present	
claim-047	### 4.6 直近の制度変更と日付	temporal	high	2011年7月21日: 現行の RoHS 指令 2011/65/EU が発効し、EEE における有害物質制限の基盤となりました。2025年1月1日時点の統合版でも六価クロムは制限対象です。欧州委員会 RoHS EUR-Lex RoHS	inline citation context	https://environment.ec.europa.eu/topics/waste-and-recycling/rohs-directive_en | https://eur-lex.europa.eu/legal-content/EN/TXT?uri=CELEX%3A02011L0065-20250101	https://environment.ec.europa.eu/topics/waste-and-recycling/rohs-directive_en | https://eur-lex.europa.eu/legal-content/EN/TXT?uri=CELEX%3A02011L0065-20250101	environment.ec.europa.eu | eur-lex.europa.eu	2	2	legal_text	0.95	ok		2	1		2011-07-21 | 2025-01-01	EU	hexavalent chromium	electrical and electronic equipment	2011-07-21		standard	official, legal, standards, academic, or public-context support is present	
claim-048	### 4.6 直近の制度変更と日付	temporal	high	2022年5月31日以降: 日本では化学物質の自律的管理への制度改正が段階的に進み、めっき薬品を含む現場管理の負荷が高まっています。厚生労働省	inline citation context	https://mhlw.go.jp/stf/seisakunitsuite/bunya/0000099121_00005.html	https://mhlw.go.jp/stf/seisakunitsuite/bunya/0000099121_00005.html	mhlw.go.jp	1	1	official_regulator	0.85	ok		2	1		2022-05-31	Japan			2022-05-31		standard	official, legal, standards, academic, or public-context support is present	
claim-049	### 4.6 直近の制度変更と日付	temporal	high	2024年2月5日: 環境省が六価クロムに関する測定法見直しを公表し、JIS K0102-3 ベースへ改正しました。環境省 測定法改正	inline citation context	https://env.go.jp/press/press_02720.html	https://env.go.jp/press/press_02720.html	env.go.jp	1	1	official_regulator	0.85	ok		2	1		2024-02-05	Japan	hexavalent chromium		2024-02-05		standard	official, legal, standards, academic, or public-context support is present	
claim-050	### 4.6 直近の制度変更と日付	temporal	high	2024年4月1日: 日本の六価クロム排水基準改正が施行され、一般排水基準 0.2 mg/L、電気めっき業の暫定基準 0.5 mg/L が実務上の焦点になりました。環境省 排水基準 大阪府	inline citation context	https://env.go.jp/water/impure/haisui.html | https://pref.osaka.lg.jp/o120080/jigyoshoshido/mizu/r6-4kaisei.html	https://env.go.jp/water/impure/haisui.html | https://pref.osaka.lg.jp/o120080/jigyoshoshido/mizu/r6-4kaisei.html	env.go.jp | pref.osaka.lg.jp	2	2	official_regulator | legal_text	0.95	ok		2	1		2024-04-01	Japan	hexavalent chromium		2024-04-01	temporary transitional measure	standard	official, legal, standards, academic, or public-context support is present	
claim-051	### 4.6 直近の制度変更と日付	temporal	high	2021年以降継続中: EPA は chrome finishing facilities の PFAS 排出を理由に、電気めっき/金属仕上げカテゴリの見直しを進めています。2026年4月19日時点でも、クロム系工程は六価クロムだけでなく PFAS 論点と一体で読む必要があります。US EPA 排水 US EPA 大気	inline citation context	https://epa.gov/eg/electroplating-effluent-guidelines | https://epa.gov/stationary-sources-air-pollution/chromium-electroplating-national-emission-standards-hazardous-air	https://epa.gov/eg/electroplating-effluent-guidelines | https://epa.gov/stationary-sources-air-pollution/chromium-electroplating-national-emission-standards-hazardous-air	epa.gov	2	2	official_regulator	0.95	ok		2	1		2026-04-19	United States	hexavalent chromium		2026-04-19		standard	official, legal, standards, academic, or public-context support is present	
claim-052	### 4.7 見落としやすい実務リスク	advice	high	定義と境界の取り違え: 湿式めっき、乾式表面処理、溶融めっきを同じ比較表で一律に扱うと、設備要件、工程設計、品質保証の前提がずれます。まず「電析 / 無電解 / 溶融 / 乾式」のどこを比較しているのかを固定しないと、後段の原価比較や規制整理も誤ります。アルバックテクノ 表面技術協会	inline citation context	https://ulvac-techno.co.jp/service/surface_treatment/faq/001.html | https://mekki.sfj.or.jp/	https://ulvac-techno.co.jp/service/surface_treatment/faq/001.html | https://mekki.sfj.or.jp/	ulvac-techno.co.jp | mekki.sfj.or.jp	2	1	vendor_first_party | professional_body	0.85	ok		2	1								standard	official, legal, standards, academic, or public-context support is present	vendor evidence should be checked against the actual process, substrate, and acceptance test
claim-053	### 4.7 見落としやすい実務リスク	advice	high	品質と信頼性の見落とし: 前処理不足は密着不良、剥離、ピット、ブリスターの起点になり、浴管理不良は膜厚不均一、析出ムラ、再処理増を招きます。電子部品では接触抵抗、はんだ付け性、熱履歴後の界面健全性まで見ないと、外観合格でも後工程で不良化します。大阪府立産業技術総合研究所 JCU IPC	inline citation context	https://www2.orist.jp/dl/izumi/archive/Gijutsu_shiryo/Corr.pdf | https://jcu-i.com/wp/wp-content/uploads/2022/10/irks1_20220511.pdf | https://ipc.org/news-release/ipc-issues-electronics-industry-warning-printed-board-microvia-reliability-high	https://www2.orist.jp/dl/izumi/archive/Gijutsu_shiryo/Corr.pdf | https://jcu-i.com/wp/wp-content/uploads/2022/10/irks1_20220511.pdf | https://ipc.org/news-release/ipc-issues-electronics-industry-warning-printed-board-microvia-reliability-high	www2.orist.jp | jcu-i.com | ipc.org	3	2	government_context | vendor_first_party | standards_body	0.95	ok		2	1								standard	official, legal, standards, academic, or public-context support is present	
claim-054	### 4.7 見落としやすい実務リスク	advice	high	材料・用途依存の落とし穴: 高強度鋼やばね材では、水素脆化リスクとめっき後ベーキング要否を仕様段階で確認しないと、機械特性低下や遅れ破壊を見逃します。HDI 基板や先端パッケージでは、microvia 周りのめっきは一般的な厚付け発想をそのまま適用できず、界面品質と後工程条件を別管理する必要があります。大阪府立産業技術総合研究所 JCU IPC	inline citation context	https://www2.orist.jp/dl/izumi/archive/Gijutsu_shiryo/Corr.pdf | https://jcu-i.com/wp/wp-content/uploads/2022/10/irks1_20220511.pdf | https://ipc.org/news-release/ipc-issues-electronics-industry-warning-printed-board-microvia-reliability-high	https://www2.orist.jp/dl/izumi/archive/Gijutsu_shiryo/Corr.pdf | https://jcu-i.com/wp/wp-content/uploads/2022/10/irks1_20220511.pdf | https://ipc.org/news-release/ipc-issues-electronics-industry-warning-printed-board-microvia-reliability-high	www2.orist.jp | jcu-i.com | ipc.org	3	2	government_context | vendor_first_party | standards_body	0.95	ok		2	1				microvia reliability	high-strength steel components			standard	official, legal, standards, academic, or public-context support is present	
claim-055	### 4.7 見落としやすい実務リスク	regulatory	high	規制と EHS の取り違え: 同じめっきでも、排水、排気、作業者ばく露、製品中含有、皮膚接触によるニッケル放出では根拠法令が異なります。RoHS / REACH、国内排水基準、クロム・ニッケルの労安管理を同じ論点として扱うと対応漏れが出ます。環境省 排水基準 厚生労働省 OSHA EUR-Lex RoHS ECHA Annex XVII	inline citation context	https://env.go.jp/water/impure/haisui.html | https://mhlw.go.jp/stf/seisakunitsuite/bunya/0000099121_00005.html | https://osha.gov/laws-regs/regulations/standardnumber/1910/1910.1026 | https://eur-lex.europa.eu/legal-content/EN/TXT?uri=CELEX%3A02011L0065-20250101 | https://echa.europa.eu/documents/10162/3bbe9024-52a6-8e63-5581-e686331eb459	https://env.go.jp/water/impure/haisui.html | https://mhlw.go.jp/stf/seisakunitsuite/bunya/0000099121_00005.html | https://osha.gov/laws-regs/regulations/standardnumber/1910/1910.1026 | https://eur-lex.europa.eu/legal-content/EN/TXT?uri=CELEX%3A02011L0065-20250101 | https://echa.europa.eu/documents/10162/3bbe9024-52a6-8e63-5581-e686331eb459	env.go.jp | mhlw.go.jp | osha.gov | eur-lex.europa.eu | echa.europa.eu	5	5	official_regulator | legal_text	0.95	ok		2	1			EU	nickel	skin-contact release condition			standard	official, legal, standards, academic, or public-context support is present	
claim-056	### 4.7 見落としやすい実務リスク	regulatory	high	運用と原価の過小評価: 薬品単価だけでなく、浴分析頻度、補給管理、前処理再現性、排水処理、排気、トレーサビリティ、再処理、停止時間まで含めて見ないと、見積り時より総コストが悪化しやすいです。表面技術協会 US EPA 排水 JCU	inline citation context	https://sfj.or.jp/kaikoku/20220829Kansai.html | https://epa.gov/eg/electroplating-effluent-guidelines | https://jcu-i.com/wp/wp-content/uploads/2022/10/irks1_20220511.pdf	https://sfj.or.jp/kaikoku/20220829Kansai.html | https://epa.gov/eg/electroplating-effluent-guidelines | https://jcu-i.com/wp/wp-content/uploads/2022/10/irks1_20220511.pdf	sfj.or.jp | epa.gov | jcu-i.com	3	2	professional_body | official_regulator | vendor_first_party	0.95	ok		2	1			United States	wastewater discharge				standard	official, legal, standards, academic, or public-context support is present	
claim-057	### 5.1 選定前の実務チェックリスト	advice	high	防食目的で鋼部品を処理する - 先に固定すること: 使用環境、要求寿命、後処理、必要膜厚レンジ、構造物サイズを先に固定する	table cell	https://aen-mekki.or.jp/ | https://zentoren.or.jp/mekki/shurui.html	https://aen-mekki.or.jp/ | https://zentoren.or.jp/mekki/shurui.html	aen-mekki.or.jp | zentoren.or.jp	2	1	professional_body | industry_association	0.85	ok		2	1								standard	official, legal, standards, academic, or public-context support is present	industry association evidence is best used for sector context, not plant-specific guarantees
claim-058	### 5.1 選定前の実務チェックリスト	advice	high	防食目的で鋼部品を処理する - 判断を誤りやすい理由: 亜鉛電気めっきと溶融亜鉛めっきでは比較軸とコスト構造が大きく違う	table cell	https://aen-mekki.or.jp/ | https://zentoren.or.jp/mekki/shurui.html	https://aen-mekki.or.jp/ | https://zentoren.or.jp/mekki/shurui.html	aen-mekki.or.jp | zentoren.or.jp	2	1	professional_body | industry_association	0.85	ok		2	1								standard	official, legal, standards, academic, or public-context support is present	industry association evidence is best used for sector context, not plant-specific guarantees
claim-059	### 5.1 選定前の実務チェックリスト	advice	high	防食目的で鋼部品を処理する - 根拠・注意: 日本溶融亜鉛鍍金協会 全国鍍金工業組合連合会	table cell	https://aen-mekki.or.jp/ | https://zentoren.or.jp/mekki/shurui.html	https://aen-mekki.or.jp/ | https://zentoren.or.jp/mekki/shurui.html	aen-mekki.or.jp | zentoren.or.jp	2	1	professional_body | industry_association	0.85	ok		2	1			Japan					standard	official, legal, standards, academic, or public-context support is present	industry association evidence is best used for sector context, not plant-specific guarantees
claim-060	### 5.1 選定前の実務チェックリスト	advice	high	高強度鋼・ばね材を扱う - 先に固定すること: 水素脆化リスク、めっき後ベーキング要否、図面 / 材質仕様の管理責任を確認する	table cell	https://www2.orist.jp/dl/izumi/archive/Gijutsu_shiryo/Corr.pdf | https://zentoren.or.jp/mekki/hyoumenshori.html	https://www2.orist.jp/dl/izumi/archive/Gijutsu_shiryo/Corr.pdf | https://zentoren.or.jp/mekki/hyoumenshori.html	www2.orist.jp | zentoren.or.jp	2	1	government_context | industry_association	0.85	ok		2	1					high-strength steel components			standard	official, legal, standards, academic, or public-context support is present	industry association evidence is best used for sector context, not plant-specific guarantees
claim-061	### 5.1 選定前の実務チェックリスト	advice	high	高強度鋼・ばね材を扱う - 判断を誤りやすい理由: 強度保証を落とすと遅れ破壊が後工程や実使用で現れる	table cell	https://www2.orist.jp/dl/izumi/archive/Gijutsu_shiryo/Corr.pdf | https://zentoren.or.jp/mekki/hyoumenshori.html	https://www2.orist.jp/dl/izumi/archive/Gijutsu_shiryo/Corr.pdf | https://zentoren.or.jp/mekki/hyoumenshori.html	www2.orist.jp | zentoren.or.jp	2	1	government_context | industry_association	0.85	ok		2	1					high-strength steel components			standard	official, legal, standards, academic, or public-context support is present	industry association evidence is best used for sector context, not plant-specific guarantees
claim-062	### 5.1 選定前の実務チェックリスト	advice	high	高強度鋼・ばね材を扱う - 根拠・注意: 大阪府立産業技術総合研究所 全国鍍金工業組合連合会	table cell	https://www2.orist.jp/dl/izumi/archive/Gijutsu_shiryo/Corr.pdf | https://zentoren.or.jp/mekki/hyoumenshori.html	https://www2.orist.jp/dl/izumi/archive/Gijutsu_shiryo/Corr.pdf | https://zentoren.or.jp/mekki/hyoumenshori.html	www2.orist.jp | zentoren.or.jp	2	1	government_context | industry_association	0.85	ok		2	1					high-strength steel components			standard	official, legal, standards, academic, or public-context support is present	industry association evidence is best used for sector context, not plant-specific guarantees
claim-063	### 5.1 選定前の実務チェックリスト	advice	high	電子部品・基板用途を選定する - 先に固定すること: 膜厚均一性、ボイド、界面、熱サイクル後信頼性に加え、HDI / microvia 条件を別項目で確認する	table cell	https://jcu-i.com/wp/wp-content/uploads/2022/10/irks1_20220511.pdf | https://ipc.org/news-release/ipc-issues-electronics-industry-warning-printed-board-microvia-reliability-high	https://jcu-i.com/wp/wp-content/uploads/2022/10/irks1_20220511.pdf | https://ipc.org/news-release/ipc-issues-electronics-industry-warning-printed-board-microvia-reliability-high	jcu-i.com | ipc.org	2	1	vendor_first_party | standards_body	0.85	ok		2	1				microvia reliability				standard	official, legal, standards, academic, or public-context support is present	
claim-064	### 5.1 選定前の実務チェックリスト	advice	high	電子部品・基板用途を選定する - 判断を誤りやすい理由: 初期検査合格でも microvia や界面起点の潜在不良が後で出る	table cell	https://jcu-i.com/wp/wp-content/uploads/2022/10/irks1_20220511.pdf | https://ipc.org/news-release/ipc-issues-electronics-industry-warning-printed-board-microvia-reliability-high	https://jcu-i.com/wp/wp-content/uploads/2022/10/irks1_20220511.pdf | https://ipc.org/news-release/ipc-issues-electronics-industry-warning-printed-board-microvia-reliability-high	jcu-i.com | ipc.org	2	1	vendor_first_party | standards_body	0.85	ok		2	1				microvia reliability				standard	official, legal, standards, academic, or public-context support is present	
claim-065	### 5.1 選定前の実務チェックリスト	advice	high	電子部品・基板用途を選定する - 根拠・注意: JCU IPC	table cell	https://jcu-i.com/wp/wp-content/uploads/2022/10/irks1_20220511.pdf | https://ipc.org/news-release/ipc-issues-electronics-industry-warning-printed-board-microvia-reliability-high	https://jcu-i.com/wp/wp-content/uploads/2022/10/irks1_20220511.pdf | https://ipc.org/news-release/ipc-issues-electronics-industry-warning-printed-board-microvia-reliability-high	jcu-i.com | ipc.org	2	1	vendor_first_party | standards_body	0.85	ok		2	1								standard	official, legal, standards, academic, or public-context support is present	
claim-066	### 5.1 選定前の実務チェックリスト	advice	high	コネクタ・接点用途を選定する - 先に固定すること: 接触抵抗、摩耗後の導通、孔食 / ブリスター、下地金属との組み合わせを確認する	table cell	https://jcu-i.com/wp/wp-content/uploads/2022/10/irks1_20220511.pdf | https://fujielectric.co.jp/products/plating/about	https://jcu-i.com/wp/wp-content/uploads/2022/10/irks1_20220511.pdf | https://fujielectric.co.jp/products/plating/about	jcu-i.com | fujielectric.co.jp	2	0	vendor_first_party	0.85	ok		2	1								soften_vendor_association	vendor / industry-association evidence should be framed as representative or public-material context	vendor evidence should be checked against the actual process, substrate, and acceptance test
claim-067	### 5.1 選定前の実務チェックリスト	advice	high	コネクタ・接点用途を選定する - 判断を誤りやすい理由: 外観や名目膜厚だけでは通電安定性を判断できない	table cell	https://jcu-i.com/wp/wp-content/uploads/2022/10/irks1_20220511.pdf | https://fujielectric.co.jp/products/plating/about	https://jcu-i.com/wp/wp-content/uploads/2022/10/irks1_20220511.pdf | https://fujielectric.co.jp/products/plating/about	jcu-i.com | fujielectric.co.jp	2	0	vendor_first_party	0.85	ok		2	1								soften_vendor_association	vendor / industry-association evidence should be framed as representative or public-material context	vendor evidence should be checked against the actual process, substrate, and acceptance test
claim-068	### 5.1 選定前の実務チェックリスト	advice	high	コネクタ・接点用途を選定する - 根拠・注意: JCU 富士電機	table cell	https://jcu-i.com/wp/wp-content/uploads/2022/10/irks1_20220511.pdf | https://fujielectric.co.jp/products/plating/about	https://jcu-i.com/wp/wp-content/uploads/2022/10/irks1_20220511.pdf | https://fujielectric.co.jp/products/plating/about	jcu-i.com | fujielectric.co.jp	2	0	vendor_first_party	0.85	ok		2	1								soften_vendor_association	vendor / industry-association evidence should be framed as representative or public-material context	vendor evidence should be checked against the actual process, substrate, and acceptance test
claim-069	### 5.1 選定前の実務チェックリスト	advice	high	はんだ接合を前提にする - 先に固定すること: 表面仕上げとはんだ付け性、保管後 / リフロー後のぬれ性、後工程フラックス条件を確認する	table cell	https://jcu-i.com/wp/wp-content/uploads/2022/10/irks1_20220511.pdf | https://kizaikou.or.jp/basic.html	https://jcu-i.com/wp/wp-content/uploads/2022/10/irks1_20220511.pdf | https://kizaikou.or.jp/basic.html	jcu-i.com | kizaikou.or.jp	2	0	vendor_first_party | industry_association	0.85	ok		2	1								soften_vendor_association	vendor / industry-association evidence should be framed as representative or public-material context	industry association evidence is best used for sector context, not plant-specific guarantees; vendor evidence should be checked against the actual process, substrate, and acceptance test
claim-070	### 5.1 選定前の実務チェックリスト	advice	high	はんだ接合を前提にする - 判断を誤りやすい理由: 「導電性がある」と「はんだ付けしやすい」は同義ではない	table cell	https://jcu-i.com/wp/wp-content/uploads/2022/10/irks1_20220511.pdf | https://kizaikou.or.jp/basic.html	https://jcu-i.com/wp/wp-content/uploads/2022/10/irks1_20220511.pdf | https://kizaikou.or.jp/basic.html	jcu-i.com | kizaikou.or.jp	2	0	vendor_first_party | industry_association	0.85	ok		2	1								soften_vendor_association	vendor / industry-association evidence should be framed as representative or public-material context	industry association evidence is best used for sector context, not plant-specific guarantees; vendor evidence should be checked against the actual process, substrate, and acceptance test
claim-071	### 5.1 選定前の実務チェックリスト	advice	high	はんだ接合を前提にする - 根拠・注意: JCU 機材工	table cell	https://jcu-i.com/wp/wp-content/uploads/2022/10/irks1_20220511.pdf | https://kizaikou.or.jp/basic.html	https://jcu-i.com/wp/wp-content/uploads/2022/10/irks1_20220511.pdf | https://kizaikou.or.jp/basic.html	jcu-i.com | kizaikou.or.jp	2	0	vendor_first_party | industry_association	0.85	ok		2	1								soften_vendor_association	vendor / industry-association evidence should be framed as representative or public-material context	industry association evidence is best used for sector context, not plant-specific guarantees; vendor evidence should be checked against the actual process, substrate, and acceptance test
claim-072	### 5.1 選定前の実務チェックリスト	advice	high	複雑形状や非導体に処理する - 先に固定すること: 前処理、活性化、シード層、無電解併用の要否と厚み分布限界を確認する	table cell	https://fujielectric.co.jp/products/plating/about | https://zentoren.or.jp/mekki/hyoumenshori.html	https://fujielectric.co.jp/products/plating/about | https://zentoren.or.jp/mekki/hyoumenshori.html	fujielectric.co.jp | zentoren.or.jp	2	0	vendor_first_party | industry_association	0.85	ok		2	1								soften_vendor_association	vendor / industry-association evidence should be framed as representative or public-material context	industry association evidence is best used for sector context, not plant-specific guarantees; vendor evidence should be checked against the actual process, substrate, and acceptance test
claim-073	### 5.1 選定前の実務チェックリスト	advice	high	複雑形状や非導体に処理する - 判断を誤りやすい理由: 前処理不足と形状依存で密着不良・膜厚不均一・ピット / ブリスターが増えやすい	table cell	https://fujielectric.co.jp/products/plating/about | https://zentoren.or.jp/mekki/hyoumenshori.html	https://fujielectric.co.jp/products/plating/about | https://zentoren.or.jp/mekki/hyoumenshori.html	fujielectric.co.jp | zentoren.or.jp	2	0	vendor_first_party | industry_association	0.85	ok		2	1								soften_vendor_association	vendor / industry-association evidence should be framed as representative or public-material context	industry association evidence is best used for sector context, not plant-specific guarantees; vendor evidence should be checked against the actual process, substrate, and acceptance test
claim-074	### 5.1 選定前の実務チェックリスト	advice	high	複雑形状や非導体に処理する - 根拠・注意: 富士電機 全国鍍金工業組合連合会	table cell	https://fujielectric.co.jp/products/plating/about | https://zentoren.or.jp/mekki/hyoumenshori.html	https://fujielectric.co.jp/products/plating/about | https://zentoren.or.jp/mekki/hyoumenshori.html	fujielectric.co.jp | zentoren.or.jp	2	0	vendor_first_party | industry_association	0.85	ok		2	1								soften_vendor_association	vendor / industry-association evidence should be framed as representative or public-material context	industry association evidence is best used for sector context, not plant-specific guarantees; vendor evidence should be checked against the actual process, substrate, and acceptance test
claim-075	### 5.1 選定前の実務チェックリスト	advice	high	クロム・ニッケル系を採用する - 先に固定すること: 排水、大気、作業者ばく露、RoHS、REACH、ニッケル放出のどれが効くかをレイヤー別に切り分ける	table cell	https://env.go.jp/water/impure/haisui.html | https://osha.gov/laws-regs/regulations/standardnumber/1910/1910.1026 | https://eur-lex.europa.eu/legal-content/EN/TXT?uri=CELEX%3A02011L0065-20250101 | https://echa.europa.eu/documents/10162/3bbe9024-52a6-8e63-5581-e686331eb459	https://env.go.jp/water/impure/haisui.html | https://osha.gov/laws-regs/regulations/standardnumber/1910/1910.1026 | https://eur-lex.europa.eu/legal-content/EN/TXT?uri=CELEX%3A02011L0065-20250101 | https://echa.europa.eu/documents/10162/3bbe9024-52a6-8e63-5581-e686331eb459	env.go.jp | osha.gov | eur-lex.europa.eu | echa.europa.eu	4	4	official_regulator | legal_text	0.95	ok		2	1			EU	nickel	skin-contact release condition			standard	official, legal, standards, academic, or public-context support is present	
claim-076	### 5.1 選定前の実務チェックリスト	advice	high	クロム・ニッケル系を採用する - 判断を誤りやすい理由: 法体系が違い、代替判断も一律ではない	table cell	https://env.go.jp/water/impure/haisui.html | https://osha.gov/laws-regs/regulations/standardnumber/1910/1910.1026 | https://eur-lex.europa.eu/legal-content/EN/TXT?uri=CELEX%3A02011L0065-20250101 | https://echa.europa.eu/documents/10162/3bbe9024-52a6-8e63-5581-e686331eb459	https://env.go.jp/water/impure/haisui.html | https://osha.gov/laws-regs/regulations/standardnumber/1910/1910.1026 | https://eur-lex.europa.eu/legal-content/EN/TXT?uri=CELEX%3A02011L0065-20250101 | https://echa.europa.eu/documents/10162/3bbe9024-52a6-8e63-5581-e686331eb459	env.go.jp | osha.gov | eur-lex.europa.eu | echa.europa.eu	4	4	official_regulator | legal_text	0.95	ok		2	1			EU	nickel				standard	official, legal, standards, academic, or public-context support is present	
claim-077	### 5.1 選定前の実務チェックリスト	advice	high	クロム・ニッケル系を採用する - 根拠・注意: 環境省 排水基準 OSHA EUR-Lex RoHS ECHA Annex XVII	table cell	https://env.go.jp/water/impure/haisui.html | https://osha.gov/laws-regs/regulations/standardnumber/1910/1910.1026 | https://eur-lex.europa.eu/legal-content/EN/TXT?uri=CELEX%3A02011L0065-20250101 | https://echa.europa.eu/documents/10162/3bbe9024-52a6-8e63-5581-e686331eb459	https://env.go.jp/water/impure/haisui.html | https://osha.gov/laws-regs/regulations/standardnumber/1910/1910.1026 | https://eur-lex.europa.eu/legal-content/EN/TXT?uri=CELEX%3A02011L0065-20250101 | https://echa.europa.eu/documents/10162/3bbe9024-52a6-8e63-5581-e686331eb459	env.go.jp | osha.gov | eur-lex.europa.eu | echa.europa.eu	4	4	official_regulator | legal_text	0.95	ok		2	1			EU	nickel				standard	official, legal, standards, academic, or public-context support is present	
claim-078	### 5.1 選定前の実務チェックリスト	advice	high	ライン改善や外注切替を検討する - 先に固定すること: 薬品単価だけでなく、浴分析頻度、補給管理、再処理率、停止頻度、排水 / 排気能力、トレーサビリティを確認する	table cell	https://jcu-i.com/wp/wp-content/uploads/2022/10/irks1_20220511.pdf | https://mhlw.go.jp/stf/seisakunitsuite/bunya/0000099121_00005.html | https://epa.gov/eg/electroplating-effluent-guidelines	https://jcu-i.com/wp/wp-content/uploads/2022/10/irks1_20220511.pdf | https://mhlw.go.jp/stf/seisakunitsuite/bunya/0000099121_00005.html | https://epa.gov/eg/electroplating-effluent-guidelines	jcu-i.com | mhlw.go.jp | epa.gov	3	2	vendor_first_party | official_regulator	0.95	ok		2	1			Japan	wastewater discharge				standard	official, legal, standards, academic, or public-context support is present	
claim-079	### 5.1 選定前の実務チェックリスト	advice	high	ライン改善や外注切替を検討する - 判断を誤りやすい理由: 総コストと監査負荷は浴管理と周辺インフラで大きく変わる	table cell	https://jcu-i.com/wp/wp-content/uploads/2022/10/irks1_20220511.pdf | https://mhlw.go.jp/stf/seisakunitsuite/bunya/0000099121_00005.html | https://epa.gov/eg/electroplating-effluent-guidelines	https://jcu-i.com/wp/wp-content/uploads/2022/10/irks1_20220511.pdf | https://mhlw.go.jp/stf/seisakunitsuite/bunya/0000099121_00005.html | https://epa.gov/eg/electroplating-effluent-guidelines	jcu-i.com | mhlw.go.jp | epa.gov	3	2	vendor_first_party | official_regulator	0.95	ok		2	1			Japan					standard	official, legal, standards, academic, or public-context support is present	
claim-080	### 5.1 選定前の実務チェックリスト	advice	high	ライン改善や外注切替を検討する - 根拠・注意: JCU 厚生労働省 US EPA 排水	table cell	https://jcu-i.com/wp/wp-content/uploads/2022/10/irks1_20220511.pdf | https://mhlw.go.jp/stf/seisakunitsuite/bunya/0000099121_00005.html | https://epa.gov/eg/electroplating-effluent-guidelines	https://jcu-i.com/wp/wp-content/uploads/2022/10/irks1_20220511.pdf | https://mhlw.go.jp/stf/seisakunitsuite/bunya/0000099121_00005.html | https://epa.gov/eg/electroplating-effluent-guidelines	jcu-i.com | mhlw.go.jp | epa.gov	3	2	vendor_first_party | official_regulator	0.95	ok		2	1			Japan	wastewater discharge				standard	official, legal, standards, academic, or public-context support is present	
claim-081	### 5.2 判断を誤らないための運用ルール	advice	high	一般に、方式名から入らず、まず「失敗すると困る機能」「受入れ試験」「使用環境」を先に固定する方が安全です。防食、接続、外観、耐摩耗、はんだ付け性のどれを守るのかが曖昧なまま比較表を作ると、社内説明も見積り比較もぶれます。機材工 大阪府立産業技術総合研究所	inline citation context	https://kizaikou.or.jp/basic.html | https://www2.orist.jp/dl/izumi/archive/Gijutsu_shiryo/Corr.pdf	https://kizaikou.or.jp/basic.html | https://www2.orist.jp/dl/izumi/archive/Gijutsu_shiryo/Corr.pdf	kizaikou.or.jp | www2.orist.jp	2	1	industry_association | government_context	0.85	ok		2	1								standard	official, legal, standards, academic, or public-context support is present	industry association evidence is best used for sector context, not plant-specific guarantees
claim-082	### 5.2 判断を誤らないための運用ルール	advice	high	高強度鋼・ばね材では、水素脆化とベーキング要否を工程条件の後追いではなく、図面・材質仕様・外注条件に先に入れる。ここを曖昧にすると、めっき後に強度保証だけが抜け落ちます。大阪府立産業技術総合研究所 全国鍍金工業組合連合会	inline citation context	https://www2.orist.jp/dl/izumi/archive/Gijutsu_shiryo/Corr.pdf | https://zentoren.or.jp/mekki/hyoumenshori.html	https://www2.orist.jp/dl/izumi/archive/Gijutsu_shiryo/Corr.pdf | https://zentoren.or.jp/mekki/hyoumenshori.html	www2.orist.jp | zentoren.or.jp	2	1	government_context | industry_association	0.85	ok		2	1					high-strength steel components			standard	official, legal, standards, academic, or public-context support is present	industry association evidence is best used for sector context, not plant-specific guarantees
claim-083	### 5.2 判断を誤らないための運用ルール	advice	high	電子部品、コネクタ、はんだ用途では、接触抵抗、はんだ付け性、熱履歴後信頼性を外観と切り離して管理する。HDI / microvia は一般的な厚付け発想をそのまま持ち込まず、界面品質と後工程条件を別管理にするのが安全です。JCU IPC	inline citation context	https://jcu-i.com/wp/wp-content/uploads/2022/10/irks1_20220511.pdf | https://ipc.org/news-release/ipc-issues-electronics-industry-warning-printed-board-microvia-reliability-high	https://jcu-i.com/wp/wp-content/uploads/2022/10/irks1_20220511.pdf | https://ipc.org/news-release/ipc-issues-electronics-industry-warning-printed-board-microvia-reliability-high	jcu-i.com | ipc.org	2	1	vendor_first_party | standards_body	0.85	ok		2	1				microvia reliability				standard	official, legal, standards, academic, or public-context support is present	
claim-084	### 5.2 判断を誤らないための運用ルール	advice	high	規制判断は「製品」「工場」「作業者」「顧客要求」の4レイヤーに分けて記載する。RoHS / REACH / 排水 / 労安 / ニッケル放出を一つの表現でまとめると、適用範囲を誤りやすくなります。EUR-Lex RoHS ECHA Annex XVII OSHA 環境省 排水基準	inline citation context	https://eur-lex.europa.eu/legal-content/EN/TXT?uri=CELEX%3A02011L0065-20250101 | https://echa.europa.eu/documents/10162/3bbe9024-52a6-8e63-5581-e686331eb459 | https://osha.gov/laws-regs/regulations/standardnumber/1910/1910.1026 | https://env.go.jp/water/impure/haisui.html	https://eur-lex.europa.eu/legal-content/EN/TXT?uri=CELEX%3A02011L0065-20250101 | https://echa.europa.eu/documents/10162/3bbe9024-52a6-8e63-5581-e686331eb459 | https://osha.gov/laws-regs/regulations/standardnumber/1910/1910.1026 | https://env.go.jp/water/impure/haisui.html	eur-lex.europa.eu | echa.europa.eu | osha.gov | env.go.jp	4	4	legal_text | official_regulator	0.95	ok		2	1			EU	nickel	skin-contact release condition			standard	official, legal, standards, academic, or public-context support is present	
claim-085	### 5.2 判断を誤らないための運用ルール	advice	high	調達や外注比較では、浴管理、排水 / 排気、分析、再処理、停止時間まで含めた運用能力を同じ表で比べる。薬品単価や設備価格だけで優劣を付けると、立上げ後の総コストを読み違えます。US EPA 排水 厚生労働省 JCU	inline citation context	https://epa.gov/eg/electroplating-effluent-guidelines | https://mhlw.go.jp/stf/seisakunitsuite/bunya/0000099121_00005.html | https://jcu-i.com/wp/wp-content/uploads/2022/10/irks1_20220511.pdf	https://epa.gov/eg/electroplating-effluent-guidelines | https://mhlw.go.jp/stf/seisakunitsuite/bunya/0000099121_00005.html | https://jcu-i.com/wp/wp-content/uploads/2022/10/irks1_20220511.pdf	epa.gov | mhlw.go.jp | jcu-i.com	3	2	official_regulator | vendor_first_party	0.95	ok		2	1			Japan	wastewater discharge				standard	official, legal, standards, academic, or public-context support is present	
claim-086	### 5.3 このレポートで残る不確実性	scope	high	本レポートは実務向け概説の focused-budget pass であり、full dr_ultra-equivalent run ではありません。個別の JIS / ASTM / IPC 要求膜厚や合否判定、個社固有の工程窓までは踏み込んでいないため、製品設計や受入規格の議論では対象規格を別途特定する必要があります。					0	0		0.80	out_of_scope		0	0								standard	mixed evidence set	
claim-087	### 5.3 このレポートで残る不確実性	temporal	high	EU の六価クロム規制運用は、認可継続と制限強化の移行途上で動きやすい領域です。2026年4月19日時点の整理としては、RoHS は有効、REACH ニッケル制限も有効ですが、Cr(VI) の将来運用は継続監視が必要です。EUR-Lex RoHS ECHA Annex XVII	inline citation context	https://eur-lex.europa.eu/legal-content/EN/TXT?uri=CELEX%3A02011L0065-20250101 | https://echa.europa.eu/documents/10162/3bbe9024-52a6-8e63-5581-e686331eb459	https://eur-lex.europa.eu/legal-content/EN/TXT?uri=CELEX%3A02011L0065-20250101 | https://echa.europa.eu/documents/10162/3bbe9024-52a6-8e63-5581-e686331eb459	eur-lex.europa.eu | echa.europa.eu	2	2	legal_text	0.95	ok		2	1		2026-04-19	EU	hexavalent chromium		2026-04-19		standard	official, legal, standards, academic, or public-context support is present	
claim-088	### 5.3 このレポートで残る不確実性	advice	high	日本の排水実務は、全国一律基準だけでなく、自治体上乗せ、下水道受入条件、顧客監査要求で厳しくなることがあります。工場立地単位の再確認が必要です。環境省 排水基準 大阪府	inline citation context	https://env.go.jp/water/impure/haisui.html | https://pref.osaka.lg.jp/o120080/jigyoshoshido/mizu/r6-4kaisei.html	https://env.go.jp/water/impure/haisui.html | https://pref.osaka.lg.jp/o120080/jigyoshoshido/mizu/r6-4kaisei.html	env.go.jp | pref.osaka.lg.jp	2	2	official_regulator | legal_text	0.95	ok		2	1			Japan	wastewater discharge	sewer discharge			standard	official, legal, standards, academic, or public-context support is present	local add-on rules may apply
claim-089	### 5.3 このレポートで残る不確実性	advice	high	半導体・先端パッケージ用途では、めっき条件そのものより界面品質や後工程適合性が支配的になるため、サプライヤー資料と顧客評価条件を合わせて読む必要があります。JCU IPC	inline citation context	https://jcu-i.com/wp/wp-content/uploads/2022/10/irks1_20220511.pdf | https://ipc.org/news-release/ipc-issues-electronics-industry-warning-printed-board-microvia-reliability-high	https://jcu-i.com/wp/wp-content/uploads/2022/10/irks1_20220511.pdf | https://ipc.org/news-release/ipc-issues-electronics-industry-warning-printed-board-microvia-reliability-high	jcu-i.com | ipc.org	2	1	vendor_first_party | standards_body	0.85	ok		2	1								standard	official, legal, standards, academic, or public-context support is present	
